{"cameraMode":{"drawMode":0,"name":"Shaded","section":"Shading Mode"},"sceneLighting":true,"audioPlay":false,"sceneViewState":{"m_AlwaysRefresh":false,"showFog":true,"showSkybox":true,"showFlares":true,"showImageEffects":true,"showParticleSystems":true,"showVisualEffectGraphs":true,"m_FxEnabled":true},"in2DMode":false,"pivot":{"x":23.649999618530275,"y":-0.074078768491745,"z":-49.099998474121097},"rotation":{"x":-0.17337875068187715,"y":-0.024525301530957223,"z":0.004311711993068457,"w":-0.9845624566078186},"size":1.809993028640747,"orthographic":false}