{"cameraMode":{"drawMode":0,"name":"Shaded","section":"Shading Mode"},"sceneLighting":true,"audioPlay":false,"sceneViewState":{"m_AlwaysRefresh":false,"showFog":true,"showSkybox":true,"showFlares":true,"showImageEffects":true,"showParticleSystems":true,"showVisualEffectGraphs":true,"m_FxEnabled":true},"in2DMode":false,"pivot":{"x":19.776100158691408,"y":-5.098461151123047,"z":-15.764994621276856},"rotation":{"x":0.09601514041423798,"y":-0.0549064576625824,"z":0.005296960938721895,"w":0.9938583374023438},"size":22.21328353881836,"orthographic":false}