{"cameraMode":{"drawMode":0,"name":"Shaded","section":"Shading Mode"},"sceneLighting":true,"audioPlay":false,"sceneViewState":{"m_AlwaysRefresh":false,"showFog":true,"showSkybox":true,"showFlares":true,"showImageEffects":true,"showParticleSystems":true,"showVisualEffectGraphs":true,"m_FxEnabled":true},"in2DMode":false,"pivot":{"x":17.297340393066408,"y":1.6175997257232667,"z":-27.243000030517579},"rotation":{"x":-0.35055971145629885,"y":-0.12949427962303163,"z":0.0490092895925045,"w":-0.9262552261352539},"size":23.355863571166993,"orthographic":false}