{"cameraMode":{"drawMode":0,"name":"Shaded","section":"Shading Mode"},"sceneLighting":true,"audioPlay":false,"sceneViewState":{"m_AlwaysRefresh":false,"showFog":true,"showSkybox":true,"showFlares":true,"showImageEffects":true,"showParticleSystems":true,"showVisualEffectGraphs":true,"m_FxEnabled":true},"in2DMode":false,"pivot":{"x":24.904695510864259,"y":-4.867762565612793,"z":-32.59871292114258},"rotation":{"x":-0.21906550228595735,"y":-0.15669913589954377,"z":0.035667501389980319,"w":-0.9624034762382507},"size":16.17154884338379,"orthographic":false}