{"cameraMode":{"drawMode":0,"name":"Shaded","section":"Shading Mode"},"sceneLighting":true,"audioPlay":false,"sceneViewState":{"m_AlwaysRefresh":false,"showFog":true,"showSkybox":true,"showFlares":true,"showImageEffects":true,"showParticleSystems":true,"showVisualEffectGraphs":true,"m_FxEnabled":true},"in2DMode":false,"pivot":{"x":-11.023749351501465,"y":3.167599678039551,"z":-20.033750534057618},"rotation":{"x":-0.23684459924697877,"y":0.3493931293487549,"z":-0.09175366163253784,"w":-0.9018935561180115},"size":12.411290168762207,"orthographic":false}